Workbook

Sheet Materials
B2: Material Property Table
B4: material | C4: type | D4: strength_mpa | E4: strength_kind | F4: density_kg_m3 | G4: cost_per_m3
B5: Steel A36 | C5: steel | D5: 250 | E5: yield | F5: 7850 | G5: 1250
B6: Steel S355 | C6: steel | D6: 355 | E6: yield | F6: 7850 | G6: 1420
B7: Steel S460 | C7: steel | D7: 460 | E7: yield | F7: 7850 | G7: 1680
B8: Concrete C25/30 | C8: concrete | D8: 25 | E8: compressive | F8: 2400 | G8: 180
B9: Concrete C40/50 | C9: concrete | D9: 40 | E9: compressive | F9: 2400 | G9: 240
B10: Concrete C60/75 | C10: concrete | D10: 60 | E10: compressive | F10: 2400 | G10: 310
B12: Steel uses yield strength; concrete uses compressive strength (characteristic).

Sheet Beams
B2: Beam Load Model
B4: beam_id | C4: material | D4: section_factor_kn | E4: applied_load_kn | F4: span_m | G4: strength_mpa | H4: capacity_kn | I4: utilization
B5: B-001 | C5: Steel S355 | D5: 60 | E5: 17.3 | F5: 8 | G5: =_xlfn.XLOOKUP($C5,Materials!$B$5:$B$10,Materials!$D$5:$D$10,"not found") -> 355 | H5: =ROUND($G5*$D5/1000,1) -> 21.3 | I5: =IFERROR($E5/$H5,0) -> 0.81220657
B6: B-002 | C6: Concrete C25/30 | D6: 40 | E6: 1 | F6: 6 | G6: =_xlfn.XLOOKUP($C6,Materials!$B$5:$B$10,Materials!$D$5:$D$10,"not found") -> 25 | H6: =ROUND($G6*$D6/1000,1) -> 1 | I6: =IFERROR($E6/$H6,0) -> 1
B7: B-003 | C7: Steel S460 | D7: 60 | E7: 18.3 | F7: 8 | G7: =_xlfn.XLOOKUP($C7,Materials!$B$5:$B$10,Materials!$D$5:$D$10,"not found") -> 460 | H7: =ROUND($G7*$D7/1000,1) -> 27.6 | I7: =IFERROR($E7/$H7,0) -> 0.66304348
B8: B-004 | C8: Concrete C25/30 | D8: 100 | E8: 2.1 | F8: 4 | G8: =_xlfn.XLOOKUP($C8,Materials!$B$5:$B$10,Materials!$D$5:$D$10,"not found") -> 25 | H8: =ROUND($G8*$D8/1000,1) -> 2.5 | I8: =IFERROR($E8/$H8,0) -> 0.84
B9: B-005 | C9: Steel S355 | D9: 60 | E9: 26.4 | F9: 8 | G9: =_xlfn.XLOOKUP($C9,Materials!$B$5:$B$10,Materials!$D$5:$D$10,"not found") -> 355 | H9: =ROUND($G9*$D9/1000,1) -> 21.3 | I9: =IFERROR($E9/$H9,0) -> 1.2394366
B10: B-006 | C10: Concrete C25/30 | D10: 40 | E10: 1.1 | F10: 4 | G10: =_xlfn.XLOOKUP($C10,Materials!$B$5:$B$10,Materials!$D$5:$D$10,"not found") -> 25 | H10: =ROUND($G10*$D10/1000,1) -> 1 | I10: =IFERROR($E10/$H10,0) -> 1.1
B11: B-007 | C11: Steel S355 | D11: 40 | E11: 10.7 | F11: 4 | G11: =_xlfn.XLOOKUP($C11,Materials!$B$5:$B$10,Materials!$D$5:$D$10,"not found") -> 355 | H11: =ROUND($G11*$D11/1000,1) -> 14.2 | I11: =IFERROR($E11/$H11,0) -> 0.75352113
B12: B-008 | C12: Steel S460 | D12: 100 | E12: 46.3 | F12: 6 | G12: =_xlfn.XLOOKUP($C12,Materials!$B$5:$B$10,Materials!$D$5:$D$10,"not found") -> 460 | H12: =ROUND($G12*$D12/1000,1) -> 46 | I12: =IFERROR($E12/$H12,0) -> 1.0065217
B13: B-009 | C13: Concrete C60/75 | D13: 100 | E13: 5 | F13: 8 | G13: =_xlfn.XLOOKUP($C13,Materials!$B$5:$B$10,Materials!$D$5:$D$10,"not found") -> 60 | H13: =ROUND($G13*$D13/1000,1) -> 6 | I13: =IFERROR($E13/$H13,0) -> 0.83333333
B14: B-010 | C14: Concrete C25/30 | D14: 60 | E14: 1.9 | F14: 4 | G14: =_xlfn.XLOOKUP($C14,Materials!$B$5:$B$10,Materials!$D$5:$D$10,"not found") -> 25 | H14: =ROUND($G14*$D14/1000,1) -> 1.5 | I14: =IFERROR($E14/$H14,0) -> 1.2666667
B16: capacity_kn = strength_mpa × section_factor_kn ÷ 1000 (XLOOKUP supplies strength); utilization = applied_load ÷ capacity; red = over 100% of allowable.

Sheet Review
B2: Review — Cross-Checks
B4: Check | C4: Expected | D4: Actual | E4: Status
B5: Materials sheet row count | C5: 6 | D5: =COUNTA(Materials!$B$5:$B$10) -> 6 | E5: =IF($C5=$D5,"PASS","FAIL") -> PASS
B6: Beams sheet row count | C6: 10 | D6: =COUNTA(Beams!$B$5:$B$14) -> 10 | E6: =IF($C6=$D6,"PASS","FAIL") -> PASS
B7: Spot-check B-001 capacity (kN) from XLOOKUP chain | C7: 21.3 | D7: =Beams!$H$5 -> 21.3 | E7: =IF($C7=$D7,"PASS","FAIL") -> PASS
B8: Highest utilization in the model | C8: 1.267 | D8: =ROUND(MAX(Beams!$I$5:$I$14),3) -> 1.267 | E8: =IF($C8=$D8,"PASS","FAIL") -> PASS
B10: Expected values are computed independently in Python (build_stress_model.py); Actual re-evaluates the workbook formulas live.
